,imodulon,kegg_id,pvalue,qvalue,precision,recall,f1score,TP,target_set_size,imodulon_size,module_name
0,fliA,M00506,6.053751994354491e-05,0.017979643423232838,0.5,0.13333333333333333,0.2105263157894737,2.0,4.0,15.0,
1,9,M00332,0.0004950015450087058,0.07350772943379281,0.21428571428571427,0.05660377358490566,0.08955223880597014,3.0,14.0,53.0,
2,9,M00542,0.0003921486266066053,0.07350772943379281,0.23076923076923078,0.05660377358490566,0.09090909090909091,3.0,13.0,53.0,"EHEC/EPEC pathogenicity signature, T3SS and effectors"
3,cusR,M00417,2.5428357683939313e-10,7.552222232129976e-08,0.75,1.0,0.8571428571428571,3.0,4.0,3.0,Cytochrome o ubiquinol oxidase
