,S_mean_std,A_mean_std,count,L2_norm
0,0.0003831090705677254,0.48344384163327575,100,184.51697239074514
1,0.000959195289999461,1.176550257242611,100,202.5351846803746
2,1.5118371901697594e-05,0.01858682217686846,86,141.08921467580686
3,0.00019467973539602179,0.2648255874130505,100,255.44454704487492
4,3.1586748163267777e-06,0.0035910153882107556,86,206.23417655631025
