,S_mean_std,A_mean_std,count,L2_norm
0,1.4164589994911323e-05,0.034952656918168776,100,257.50293865682863
1,1.4059518072015123e-05,0.04627046825972714,100,257.06514908944683
2,4.624770310558767e-06,0.011614307504454385,100,346.65834298199974
3,2.121613289568893e-06,0.0060689579312137205,100,363.86050215640137
4,2.171663120321429e-06,0.005442909620621292,100,325.32162648974946
