,S_mean_std,A_mean_std,count,L2_norm
0,0.002014735447813516,4.088703421610514,100,335.05492129520536
1,6.910474843812724e-06,0.015681555151060414,58,449.86607457347765
2,0.0012952015269699756,2.690292347740141,100,353.26300422149706
3,0.0017055754605170745,3.595750111369825,100,318.153713382055
4,0.0009763015285497867,1.843402787328254,97,419.0210051810155
