,S_mean_std,A_mean_std,count,L2_norm
0,2.1339036112647034e-06,0.004433457540550123,100,395.6148325362028
1,1.2609622617509484e-06,0.002711985611996418,100,390.5173590191442
2,8.907395076986422e-08,0.00020118114778457967,100,245.63672399691848
3,6.60644742887796e-06,0.008581245107701493,100,639.7554679376024
4,7.130163536789232e-06,0.017364428493833208,100,312.3335748621587
