,S_mean_std,A_mean_std,count,L2_norm
0,0.00063825052680692,2.395457960185473,100,234.56067118067335
1,1.543104099910912e-05,0.03969672599303219,98,353.9823243283486
2,0.00025331713918132285,1.0551774364643483,99,220.7937708175652
3,0.0007001313328621026,2.7582795882986413,100,249.60011633584912
4,1.1375480927257908e-05,0.03753606109896854,98,174.2868625114256
